,Y idx,year,month,prev winners idx,new winners idx,$ before,hold,sell,sell fees,buy,$ after,value,$ value change,gvnt tax
6,0,2006,July,[],"['IWD', 'EFA', 'EEM']",10000,[],[],[],"[('IWD', 40, 81.95, 8.43), ('EFA', 45, 72.38, 8.41), ('EEM', 89, 37.32, 8.49)]",118.09,9974.67,-25.33,[]
7,0,2006,August,"['IWD', 'EFA', 'EEM']","['IWF', 'VNQ', 'EEM']",118.09,"[('EEM', '121.93€', '89 at 38.69€')]","[('IWD', '66.0€', '40 at 83.6€'), ('EFA', '93.15€', '45 at 74.45€')]","[9.52, 9.53]","[('IWF', 59, 56.53, 8.5), ('VNQ', 41, 81.65, 8.52)]",93.35,10219.68,245.01,"[0.0, 0.0]"
8,0,2006,September,"['IWF', 'VNQ', 'EEM']","['VNQ', 'IWO', 'EEM']",93.35,"[('VNQ', '92.66€', '41 at 83.91€'), ('EEM', '164.65€', '89 at 39.17€')]","[('IWF', '51.33€', '59 at 57.4€')]",[9.58],"[('IWO', 41, 83.5, 8.61)]",38.26,10388.2,168.52,[0.0]
9,0,2006,October,"['VNQ', 'IWO', 'EEM']","['GLD', 'EFA', 'EEM']",38.26,"[('EEM', '138.84€', '89 at 38.88€')]","[('VNQ', '-90.2€', '41 at 79.45€'), ('IWO', '-86.92€', '41 at 81.38€')]","[9.39, 9.5]","[('GLD', 50, 65.84, 8.45), ('EFA', 43, 76.53, 8.45)]",13.71,10056.82,-331.38,"[0.0, 0.0]"
10,0,2006,November,"['GLD', 'EFA', 'EEM']","['EFA', 'GLD', 'EEM']",13.71,"[('GLD', '94.5€', '50 at 67.73€'), ('EFA', '116.96€', '43 at 79.25€'), ('EEM', '318.62€', '89 at 40.9€')]",[],[],[],13.71,10448.06,391.24,[]
11,0,2006,December,"['EFA', 'GLD', 'EEM']","['IWD', 'EFA', 'EEM']",13.71,"[('EFA', '135.45€', '43 at 79.68€'), ('EEM', '352.44€', '89 at 41.28€')]","[('GLD', '-54.5€', '50 at 64.75€')]",[9.36],"[('IWD', 36, 88.06, 8.3)]",63.39,10333.71,-114.35,[0.0]
12,1,2007,January,"['IWD', 'EFA', 'EEM']","['IWO', 'EFA', 'EEM']",63.39,"[('EFA', '147.06€', '43 at 79.95€'), ('EEM', '548.24€', '89 at 43.48€')]","[('IWD', '-41.04€', '36 at 86.92€')]",[9.19],"[('IWO', 37, 85.04, 8.28)]",28.56,10482.61,148.9,[0.0]
13,1,2007,February,"['IWO', 'EFA', 'EEM']","['IWF', 'EFA', 'EEM']",28.56,"[('EFA', '274.34€', '43 at 82.91€'), ('EEM', '951.41€', '89 at 48.01€')]","[('IWO', '75.48€', '37 at 87.08€')]",[9.33],"[('IWF', 52, 61.63, 8.35)]",28.08,11070.86,588.25,[None]
14,1,2007,March,"['IWF', 'EFA', 'EEM']","['EEM', 'TLT', 'IEF']",28.08,"[('EEM', '454.79€', '89 at 42.43€')]","[('IWF', '-176.28€', '52 at 58.24€'), ('EFA', '2.15€', '43 at 76.58€')]","[9.04, 9.44]","[('TLT', 36, 87.12, 8.26), ('IEF', 37, 83.3, 8.2)]",96.14,10090.83,-980.03,"[0.0, 0.0]"
15,1,2007,April,"['EEM', 'TLT', 'IEF']","['DBC', 'GLD', 'EEM']",96.14,"[('EEM', '979.89€', '89 at 48.33€')]","[('TLT', '27.72€', '36 at 87.89€'), ('IEF', '4.81€', '37 at 83.43€')]","[9.25, 9.13]","[('DBC', 113, 27.69, 8.25), ('GLD', 43, 72.34, 8.23)]",72.64,10613.6,522.77,"[0.0, 0.0]"
16,1,2007,May,"['DBC', 'GLD', 'EEM']","['GLD', 'DBC', 'EEM']",72.64,"[('DBC', '128.82€', '113 at 28.83€'), ('GLD', '97.18€', '43 at 74.6€'), ('EEM', '1226.42€', '89 at 51.1€')]",[],[],[],72.64,11086.13,472.53,[]
17,1,2007,June,"['GLD', 'DBC', 'EEM']","['EEM', 'GLD', 'DBC']",72.64,"[('GLD', '306.59€', '43 at 79.47€'), ('DBC', '409.06€', '113 at 31.31€'), ('EEM', '1150.77€', '89 at 50.25€')]",[],[],[],72.64,11500.13,414.0,[]
18,1,2007,July,"['EEM', 'GLD', 'DBC']","['TLT', 'DBC', 'GLD']",72.64,"[('GLD', '272.19€', '43 at 78.67€'), ('DBC', '323.18€', '113 at 30.55€')]","[('EEM', '1105.38€', '89 at 49.74€')]",[11.14],"[('TLT', 48, 93.03, 9.86)]",13.06,11313.46,-186.67,[0.0]
19,1,2007,August,"['TLT', 'DBC', 'GLD']","['TLT', 'DBC', 'GLD']",13.06,"[('TLT', '90.72€', '48 at 94.92€'), ('DBC', '454.26€', '113 at 31.71€'), ('GLD', '617.48€', '43 at 86.7€')]",[],[],[],13.06,11880.55,567.09,[]
20,1,2007,September,"['TLT', 'DBC', 'GLD']","['IEF', 'DBC', 'GLD']",13.06,"[('DBC', '682.52€', '113 at 33.73€'), ('GLD', '722.83€', '43 at 89.15€')]","[('TLT', '-55.2€', '48 at 91.88€')]",[11.12],"[('IEF', 49, 88.98, 9.73)]",42.43,12047.39,166.84,[0.0]
21,1,2007,October,"['IEF', 'DBC', 'GLD']","['IEF', 'GLD', 'DBC']",42.43,"[('IEF', '164.15€', '49 at 92.33€'), ('DBC', '997.79€', '113 at 36.52€'), ('GLD', '890.1€', '43 at 93.04€')]",[],[],[],42.43,12694.08,646.69,[]
22,1,2007,November,"['IEF', 'GLD', 'DBC']","['VNQ', 'GLD', 'DBC']",42.43,"[('GLD', '786.04€', '43 at 90.62€'), ('DBC', '1264.47€', '113 at 38.88€')]","[('IEF', '20.58€', '49 at 89.4€')]",[11.07],"[('VNQ', 66, 66.27, 9.75)]",28.39,12692.31,-1.77,[0.0]
23,1,2007,December,"['VNQ', 'GLD', 'DBC']","['EEM', 'VNQ', 'DBC']",28.39,"[('VNQ', '130.02€', '66 at 68.24€'), ('DBC', '1457.7€', '113 at 40.59€')]","[('GLD', '733.15€', '43 at 89.39€')]",[10.27],"[('EEM', 74, 51.71, 9.09)]",26.26,12943.31,251.0,[0.0]
24,2,2008,January,"['EEM', 'VNQ', 'DBC']","['GLD', 'IWO', 'DBC']",26.26,"[('DBC', '1843.03€', '113 at 44.0€')]","[('EEM', '-316.72€', '74 at 47.43€'), ('VNQ', '-211.2€', '66 at 63.07€')]","[9.76, 10.74]","[('GLD', 43, 87.25, 9.0), ('IWO', 47, 80.41, 9.04)]",129.14,12632.16,-311.15,"[0.0, 0.0]"
25,2,2008,February,"['GLD', 'IWO', 'DBC']","['IEF', 'GLD', 'DBC']",129.14,"[('GLD', '299.71€', '43 at 94.22€'), ('DBC', '1705.17€', '113 at 42.78€')]","[('IWO', '-189.88€', '47 at 76.37€')]",[9.88],"[('IEF', 40, 87.52, 8.7)]",22.34,12408.74,-223.42,[176.81]
26,2,2008,March,"['IEF', 'GLD', 'DBC']","['TLT', 'IWO', 'IWN']",22.34,[],"[('IEF', '66.8€', '40 at 89.19€'), ('GLD', '-363.35€', '43 at 78.8€'), ('DBC', '1089.32€', '113 at 37.33€')]","[9.85, 9.58, 10.83]","[('TLT', 39, 93.41, 8.87), ('IWO', 46, 79.75, 8.9), ('IWN', 53, 69.79, 8.94)]",129.3,11139.66,-1269.08,"[0.0, 0.0, 0.0]"
27,2,2008,April,"['TLT', 'IWO', 'IWN']","['IWN', 'IEF', 'TLT']",129.3,"[('TLT', '179.79€', '39 at 98.02€'), ('IWN', '-154.76€', '53 at 66.87€')]","[('IWO', '-316.02€', '46 at 72.88€')]",[9.53],"[('IEF', 37, 91.34, 8.56)]",84.11,10830.58,-309.08,[0.0]
28,2,2008,May,"['IWN', 'IEF', 'TLT']","['GLD', 'IEF', 'TLT']",84.11,"[('IEF', '-146.52€', '37 at 87.38€'), ('TLT', '62.4€', '39 at 95.01€')]","[('IWN', '-1075.37€', '53 at 49.5€')]",[8.44],"[('GLD', 32, 83.31, 7.7)]",25.55,9629.92,-1200.66,[0.0]
29,2,2008,June,"['GLD', 'IEF', 'TLT']","['GLD', 'IEF', 'TLT']",25.55,"[('GLD', '-320.32€', '32 at 73.3€'), ('IEF', '-55.5€', '37 at 89.84€'), ('TLT', '68.64€', '39 at 95.17€')]",[],[],[],25.55,9406.86,-223.06,[]
30,2,2008,July,"['GLD', 'IEF', 'TLT']","['GLD', 'IEF', 'TLT']",25.55,"[('GLD', '-22.72€', '32 at 82.6€'), ('IEF', '208.31€', '37 at 96.97€'), ('TLT', '789.36€', '39 at 113.65€')]",[],[],[],25.55,10688.99,1282.13,[]
31,2,2008,August,"['GLD', 'IEF', 'TLT']","['GLD', 'IEF', 'TLT']",25.55,"[('GLD', '-77.76€', '32 at 80.88€'), ('IEF', '257.52€', '37 at 98.3€'), ('TLT', '803.79€', '39 at 114.02€')]",[],[],[],25.55,10697.59,8.6,[]
32,2,2008,September,"['GLD', 'IEF', 'TLT']","['IEF', 'TLT', 'GLD']",25.55,"[('GLD', '315.52€', '32 at 93.17€'), ('IEF', '146.89€', '37 at 95.31€'), ('TLT', '460.2€', '39 at 105.21€')]",[],[],[],25.55,10636.65,-60.94,[]
33,2,2008,October,"['IEF', 'TLT', 'GLD']","['TLT', 'IEF', 'GLD']",25.55,"[('IEF', '104.34€', '37 at 94.16€'), ('TLT', '300.3€', '39 at 101.11€'), ('GLD', '239.68€', '32 at 90.8€')]",[],[],[],25.55,10358.36,-278.29,[]
34,2,2008,November,"['TLT', 'IEF', 'GLD']","['IWF', 'IWO', 'EEM']",25.55,[],"[('TLT', '385.32€', '39 at 103.29€'), ('IEF', '146.89€', '37 at 95.31€'), ('GLD', '146.24€', '32 at 87.88€')]","[10.54, 9.79, 8.72]","[('IWF', 91, 37.61, 8.61), ('IWO', 68, 50.1, 8.59), ('EEM', 122, 28.12, 8.62)]",77.67,10337.62,-20.74,"[0.0, 0.0, 0.0]"
35,2,2008,December,"['IWF', 'IWO', 'EEM']","['GLD', 'EFA', 'EEM']",77.67,"[('EEM', '220.82€', '122 at 29.93€')]","[('IWF', '96.46€', '91 at 38.67€'), ('IWO', '79.56€', '68 at 51.27€')]","[9.78, 9.73]","[('GLD', 38, 91.09, 8.65), ('EFA', 80, 43.72, 8.7)]",87.12,10697.6,359.98,"[0.0, 0.0]"
36,3,2009,January,"['GLD', 'EFA', 'EEM']","['EFA', 'IWO', 'EEM']",87.12,"[('EFA', '376.8€', '80 at 48.43€'), ('EEM', '685.64€', '122 at 33.74€')]","[('GLD', '41.04€', '38 at 92.17€')]",[9.75],"[('IWO', 61, 58.38, 8.77)]",9.88,11561.74,864.14,[0.0]
37,3,2009,February,"['EFA', 'IWO', 'EEM']","['IWO', 'IWF', 'EEM']",9.88,"[('IWO', '-233.02€', '61 at 54.56€'), ('EEM', '368.44€', '122 at 31.14€')]","[('EFA', '86.4€', '80 at 44.8€')]",[9.88],"[('IWF', 87, 40.25, 8.7)]",24.57,10653.56,-908.18,[48.98]
38,3,2009,March,"['IWO', 'IWF', 'EEM']","['IWN', 'EEM', 'VNQ']",24.57,"[('EEM', '893.04€', '122 at 35.44€')]","[('IWO', '144.57€', '61 at 60.75€'), ('IWF', '299.28€', '87 at 43.69€')]","[10.06, 10.2]","[('IWN', 70, 53.12, 8.96), ('VNQ', 98, 38.12, 8.98)]",38.99,11816.83,1163.27,"[0.0, 0.0]"
39,3,2009,April,"['IWN', 'EEM', 'VNQ']","['EFA', 'EEM', 'VNQ']",38.99,"[('EEM', '1185.84€', '122 at 37.84€'), ('VNQ', '207.76€', '98 at 40.24€')]","[('IWN', '179.2€', '70 at 55.68€')]",[10.35],"[('EFA', 71, 54.68, 9.16)]",34.8,12477.08,660.25,[0.0]
40,3,2009,May,"['EFA', 'EEM', 'VNQ']","['IWN', 'EEM', 'VNQ']",34.8,"[('EEM', '1471.32€', '122 at 40.18€'), ('VNQ', '312.62€', '98 at 41.31€')]","[('EFA', '58.22€', '71 at 55.5€')]",[10.41],"[('IWN', 68, 57.7, 9.21)]",32.08,12906.02,428.94,[0.0]
41,3,2009,June,"['IWN', 'EEM', 'VNQ']","['EFA', 'VNQ', 'EEM']",32.08,"[('EEM', '1584.78€', '122 at 41.11€'), ('VNQ', '330.26€', '98 at 41.49€')]","[('IWN', '-168.64€', '68 at 55.22€')]",[10.13],"[('EFA', 66, 56.55, 8.98)]",35.63,12849.37,-56.65,[0.0]
42,3,2009,July,"['EFA', 'VNQ', 'EEM']","['EEM', 'GLD', 'VNQ']",35.63,"[('VNQ', '481.18€', '98 at 43.03€'), ('EEM', '1566.48€', '122 at 40.96€')]","[('EFA', '-81.84€', '66 at 55.31€')]",[9.98],"[('GLD', 33, 110.84, 8.89)]",9.5,12881.28,31.91,[0.0]
43,3,2009,August,"['EEM', 'GLD', 'VNQ']","['IWN', 'EEM', 'VNQ']",9.5,"[('EEM', '1839.76€', '122 at 43.2€'), ('VNQ', '632.1€', '98 at 44.57€')]","[('GLD', '17.49€', '33 at 111.37€')]",[10.01],"[('IWN', 60, 60.26, 8.84)]",50.26,13304.12,422.84,[0.0]
44,3,2009,September,"['IWN', 'EEM', 'VNQ']","['TLT', 'GLD', 'IEF']",50.26,[],"[('IWN', '-322.2€', '60 at 54.89€'), ('EEM', '1062.62€', '122 at 36.83€'), ('VNQ', '298.9€', '98 at 41.17€')]","[9.44, 11.24, 10.55]","[('TLT', 42, 92.1, 9.14), ('GLD', 37, 104.04, 9.12), ('IEF', 43, 90.76, 9.18)]",192.55,11812.91,-1491.21,"[0.0, 0.0, 0.0]"
45,3,2009,October,"['TLT', 'GLD', 'IEF']","['IWO', 'VNQ', 'IWN']",192.55,[],"[('TLT', '-95.76€', '42 at 89.82€'), ('GLD', '210.16€', '37 at 109.72€'), ('IEF', '-22.79€', '43 at 90.23€')]","[10.16, 10.59, 10.32]","[('IWO', 54, 72.38, 9.19), ('VNQ', 84, 47.0, 9.24), ('IWN', 62, 62.98, 9.19)]",84.55,11845.83,32.92,"[0.0, 0.0, 0.0]"
46,3,2009,November,"['IWO', 'VNQ', 'IWN']","['IWO', 'IWN', 'VNQ']",84.55,"[('IWO', '135.0€', '54 at 74.88€'), ('VNQ', '270.48€', '84 at 50.22€'), ('IWN', '202.12€', '62 at 66.24€')]",[],[],[],84.55,12453.43,607.6,[]
47,3,2009,December,"['IWO', 'IWN', 'VNQ']","['IWO', 'IWN', 'VNQ']",84.55,"[('IWO', '60.48€', '54 at 73.5€'), ('IWN', '172.36€', '62 at 65.76€'), ('VNQ', '450.24€', '84 at 52.36€')]",[],[],[],84.55,12528.91,75.48,[]
48,4,2010,January,"['IWO', 'IWN', 'VNQ']","['IEF', 'TLT', 'GLD']",84.55,[],"[('IWO', '-279.72€', '54 at 67.2€'), ('IWN', '-308.76€', '62 at 58.0€'), ('VNQ', '-63.0€', '84 at 46.25€')]","[9.94, 9.89, 10.33]","[('IEF', 39, 93.96, 8.9), ('TLT', 37, 98.54, 8.88), ('GLD', 30, 121.49, 8.87)]",182.42,11137.54,-1391.37,"[0.0, 0.0, 0.0]"
49,4,2010,February,"['IEF', 'TLT', 'GLD']","['GLD', 'IEF', 'TLT']",182.42,"[('IEF', '46.02€', '39 at 95.14€'), ('TLT', '69.93€', '37 at 100.43€'), ('GLD', '-112.8€', '30 at 117.73€')]",[],[],[],182.42,11140.69,3.15,[]
50,4,2010,March,"['GLD', 'IEF', 'TLT']","['EFA', 'EEM', 'VNQ']",182.42,[],"[('GLD', '-109.5€', '30 at 117.84€'), ('IEF', '113.88€', '39 at 96.88€'), ('TLT', '57.72€', '37 at 100.1€')]","[9.8, 10.17, 10.06]","[('EFA', 68, 53.75, 8.89), ('EEM', 87, 42.08, 8.89), ('VNQ', 71, 51.62, 8.9)]",14.53,10995.51,-145.18,"[147.42, 0.0, 0.0]"
51,4,2010,April,"['EFA', 'EEM', 'VNQ']","['GLD', 'VNQ', 'TLT']",14.53,"[('VNQ', '69.58€', '71 at 52.6€')]","[('EFA', '-118.32€', '68 at 52.01€'), ('EEM', '-46.98€', '87 at 41.54€')]","[9.81, 9.92]","[('GLD', 29, 122.29, 8.76), ('TLT', 33, 104.88, 8.65)]",120.6,10862.65,-132.86,"[0.0, 0.0]"
52,4,2010,May,"['GLD', 'VNQ', 'TLT']","['IWO', 'EEM', 'GLD']",120.6,"[('GLD', '252.3€', '29 at 130.99€')]","[('VNQ', '144.84€', '71 at 53.66€'), ('TLT', '-20.79€', '33 at 104.25€')]","[10.21, 9.66]","[('IWO', 48, 76.24, 8.89), ('EEM', 79, 46.11, 8.87)]",30.87,11131.79,269.14,"[0.0, 0.0]"
53,4,2010,June,"['IWO', 'EEM', 'GLD']","['DBC', 'GLD', 'EEM']",30.87,"[('EEM', '195.13€', '79 at 48.58€'), ('GLD', '398.46€', '29 at 136.03€')]","[('IWO', '240.96€', '48 at 81.26€')]",[10.35],"[('DBC', 148, 26.3, 9.17)]",19.43,11694.52,562.73,[0.0]
54,4,2010,July,"['DBC', 'GLD', 'EEM']","['IWN', 'DBC', 'IWO']",19.43,"[('DBC', '4.44€', '148 at 26.33€')]","[('GLD', '487.78€', '29 at 139.11€'), ('EEM', '75.05€', '79 at 47.06€')]","[10.55, 10.08]","[('IWN', 55, 69.05, 9.06), ('IWO', 45, 85.29, 9.11)]",96.76,11629.4,-65.12,"[0.0, 0.0]"
55,4,2010,August,"['IWN', 'DBC', 'IWO']","['DBC', 'IWN', 'IWO']",96.76,"[('IWN', '183.7€', '55 at 72.39€'), ('DBC', '202.76€', '148 at 27.67€'), ('IWO', '162.0€', '45 at 88.89€')]",[],[],[],96.76,12173.42,544.02,[]
56,4,2010,September,"['DBC', 'IWN', 'IWO']","['IWF', 'IWO', 'DBC']",96.76,"[('DBC', '402.56€', '148 at 29.02€'), ('IWO', '153.0€', '45 at 88.69€')]","[('IWN', '178.2€', '55 at 72.29€')]",[10.46],"[('IWF', 68, 59.51, 9.36)]",6.21,12338.9,165.48,[0.0]
57,4,2010,October,"['IWF', 'IWO', 'DBC']","['IWN', 'IWO', 'DBC']",6.21,"[('IWO', '337.5€', '45 at 92.79€'), ('DBC', '611.24€', '148 at 30.43€')]","[('IWF', '68.0€', '68 at 60.51€')]",[10.67],"[('IWN', 55, 74.38, 9.41)]",9.91,12780.0,441.1,[0.0]
58,4,2010,November,"['IWN', 'IWO', 'DBC']","['IWN', 'IWO', 'DBC']",9.91,"[('IWN', '86.35€', '55 at 75.95€'), ('IWO', '479.25€', '45 at 95.94€'), ('DBC', '695.6€', '148 at 31.0€')]",[],[],[],9.91,13092.46,312.46,[]
59,4,2010,December,"['IWN', 'IWO', 'DBC']","['IWO', 'DBC', 'GLD']",9.91,"[('IWO', '481.05€', '45 at 95.98€'), ('DBC', '732.6€', '148 at 31.25€')]","[('IWN', '44.0€', '55 at 75.18€')]",[10.7],"[('GLD', 27, 149.88, 9.36)]",77.99,13068.85,-23.61,[0.0]
60,5,2011,January,"['IWO', 'DBC', 'GLD']","['DBC', 'VNQ', 'GLD']",77.99,"[('DBC', '566.84€', '148 at 30.13€'), ('GLD', '-10.26€', '27 at 149.5€')]","[('IWO', '378.9€', '45 at 93.71€')]",[10.83],"[('VNQ', 70, 60.44, 9.58)]",43.73,12770.27,-298.58,[0.0]
61,5,2011,February,"['DBC', 'VNQ', 'GLD']","['IEF', 'VNQ', 'GLD']",43.73,"[('VNQ', '-35.0€', '70 at 59.94€'), ('GLD', '-72.9€', '27 at 147.18€')]","[('DBC', '439.56€', '148 at 29.27€')]",[11.0],"[('IEF', 39, 96.19, 9.0)]",72.85,11993.92,-776.35,[531.43]
62,5,2011,March,"['IEF', 'VNQ', 'GLD']","['IEF', 'TLT', 'GLD']",72.85,"[('IEF', '101.01€', '39 at 98.78€'), ('GLD', '211.68€', '27 at 157.72€')]","[('VNQ', '-22.4€', '70 at 60.12€')]",[10.81],"[('TLT', 43, 98.58, 9.59)]",21.91,12371.71,377.79,[0.0]
63,5,2011,April,"['IEF', 'TLT', 'GLD']","['IEF', 'TLT', 'GLD']",21.91,"[('IEF', '265.59€', '39 at 103.0€'), ('TLT', '363.35€', '43 at 107.03€'), ('GLD', '751.68€', '27 at 177.72€')]",[],[],[],21.91,13439.64,1067.93,[]
64,5,2011,May,"['IEF', 'TLT', 'GLD']","['GLD', 'IEF', 'TLT']",21.91,"[('IEF', '346.32€', '39 at 105.07€'), ('TLT', '955.46€', '43 at 120.8€'), ('GLD', '220.86€', '27 at 158.06€')]",[],[],[],21.91,13581.66,142.02,[]
65,5,2011,June,"['GLD', 'IEF', 'TLT']","['IEF', 'GLD', 'TLT']",21.91,"[('GLD', '471.42€', '27 at 167.34€'), ('IEF', '285.48€', '39 at 103.51€'), ('TLT', '743.9€', '43 at 115.88€')]",[],[],[],21.91,13559.82,-21.84,[]
66,5,2011,July,"['IEF', 'GLD', 'TLT']","['GLD', 'IEF', 'TLT']",21.91,"[('IEF', '324.48€', '39 at 104.51€'), ('GLD', '459.0€', '27 at 166.88€'), ('TLT', '910.31€', '43 at 119.75€')]",[],[],[],21.91,13752.81,192.99,[]
67,5,2011,August,"['GLD', 'IEF', 'TLT']","['IWN', 'VNQ', 'TLT']",21.91,"[('TLT', '958.04€', '43 at 120.86€')]","[('GLD', '12.42€', '27 at 150.34€'), ('IEF', '351.39€', '39 at 105.2€')]","[10.59, 10.65]","[('IWN', 61, 66.1, 9.34), ('VNQ', 69, 58.25, 9.32)]",92.64,13340.97,-411.84,"[0.0, 0.0]"
68,5,2011,September,"['IWN', 'VNQ', 'TLT']","['IWO', 'GLD', 'TLT']",92.64,"[('TLT', '898.27€', '43 at 119.47€')]","[('IWN', '241.56€', '61 at 70.06€'), ('VNQ', '217.35€', '69 at 61.4€')]","[10.91, 10.85]","[('IWO', 47, 90.68, 9.61), ('GLD', 25, 168.03, 9.54)]",99.28,13699.2,358.23,"[0.0, 0.0]"
69,5,2011,October,"['IWO', 'GLD', 'TLT']","['IWF', 'IWN', 'IWO']",99.28,"[('IWO', '221.37€', '47 at 95.39€')]","[('GLD', '91.75€', '25 at 171.7€'), ('TLT', '858.28€', '43 at 118.54€')]","[10.94, 12.15]","[('IWF', 73, 64.22, 10.13), ('IWN', 65, 72.43, 10.15)]",49.62,13928.96,229.76,"[0.0, 0.0]"
70,5,2011,November,"['IWF', 'IWN', 'IWO']","['IWN', 'IWF', 'IWO']",49.62,"[('IWF', '127.75€', '73 at 65.97€'), ('IWN', '66.95€', '65 at 73.46€'), ('IWO', '242.99€', '47 at 95.85€')]",[],[],[],49.62,14145.28,216.32,[]
71,5,2011,December,"['IWN', 'IWF', 'IWO']","['IWD', 'IWF', 'VNQ']",49.62,"[('IWF', '151.11€', '73 at 66.29€')]","[('IWN', '17.55€', '65 at 72.7€'), ('IWO', '190.82€', '47 at 94.74€')]","[11.59, 11.18]","[('IWD', 65, 69.7, 9.94), ('VNQ', 69, 65.64, 9.93)]",125.6,14024.43,-120.85,"[0.0, 0.0]"
72,6,2012,January,"['IWD', 'IWF', 'VNQ']","['IEF', 'TLT', 'VNQ']",125.6,"[('VNQ', '-187.68€', '69 at 62.92€')]","[('IWD', '-258.7€', '65 at 65.72€'), ('IWF', '-130.67€', '73 at 62.43€')]","[10.91, 11.34]","[('IEF', 41, 106.89, 9.76), ('TLT', 36, 122.94, 9.81)]",104.64,13254.45,-769.98,"[0.0, 0.0]"
73,6,2012,February,"['IEF', 'TLT', 'VNQ']","['VNQ', 'IEF', 'TLT']",104.64,"[('IEF', '42.64€', '41 at 107.93€'), ('TLT', '122.4€', '36 at 126.34€'), ('VNQ', '-191.82€', '69 at 62.86€')]",[],[],[],104.64,13415.35,160.9,[]
74,6,2012,March,"['VNQ', 'IEF', 'TLT']","['IEF', 'VNQ', 'TLT']",104.64,"[('VNQ', '17.94€', '69 at 65.9€'), ('IEF', '108.24€', '41 at 109.53€'), ('TLT', '288.36€', '36 at 130.95€')]",[],[],[],104.64,13856.67,441.32,[]
75,6,2012,April,"['IEF', 'VNQ', 'TLT']","['IWF', 'IWD', 'VNQ']",104.64,"[('VNQ', '56.58€', '69 at 66.46€')]","[('IEF', '50.43€', '41 at 108.12€'), ('TLT', '93.6€', '36 at 125.54€')]","[11.15, 11.28]","[('IWF', 65, 65.88, 9.64), ('IWD', 61, 70.48, 9.66)]",22.61,13189.83,-666.84,"[411.18, 0.0]"
76,6,2012,May,"['IWF', 'IWD', 'VNQ']","['IWD', 'IWN', 'GLD']",22.61,"[('IWD', '151.28€', '61 at 72.96€')]","[('IWF', '107.9€', '65 at 67.54€'), ('VNQ', '8.97€', '69 at 65.77€')]","[11.09, 11.31]","[('IWN', 58, 75.5, 9.75), ('GLD', 26, 171.05, 9.84)]",82.55,13359.41,169.58,"[0.0, 0.0]"
77,6,2012,June,"['IWD', 'IWN', 'GLD']","['GLD', 'EFA', 'IWD']",82.55,"[('IWD', '70.15€', '61 at 71.63€'), ('GLD', '-160.94€', '26 at 164.86€')]","[('IWN', '-169.36€', '58 at 72.58€')]",[10.81],"[('EFA', 80, 53.38, 9.62)]",1.36,12927.55,-431.86,[0.0]
78,6,2012,July,"['GLD', 'EFA', 'IWD']","['EEM', 'EFA', 'GLD']",1.36,"[('GLD', '-37.44€', '26 at 169.61€'), ('EFA', '92.8€', '80 at 54.54€')]","[('IWD', '57.95€', '61 at 71.43€')]",[11.04],"[('EEM', 104, 41.63, 9.7)]",8.33,13110.91,183.36,[0.0]
79,6,2012,August,"['EEM', 'EFA', 'GLD']","['IWN', 'EEM', 'EFA']",8.33,"[('EEM', '161.2€', '104 at 43.18€'), ('EFA', '238.4€', '80 at 56.36€')]","[('GLD', '-271.18€', '26 at 160.62€')]",[10.76],"[('IWN', 55, 75.02, 9.45)]",38.14,13163.76,52.85,[0.0]
80,6,2012,September,"['IWN', 'EEM', 'EFA']","['EFA', 'IWO', 'IWN']",38.14,"[('IWN', '256.3€', '55 at 79.68€'), ('EFA', '384.0€', '80 at 58.18€')]","[('EEM', '320.32€', '104 at 44.71€')]",[11.47],"[('IWO', 46, 101.35, 10.09)]",4.32,13703.22,539.46,[0.0]
81,6,2012,October,"['EFA', 'IWO', 'IWN']","['IWD', 'IWO', 'IWN']",4.32,"[('IWO', '32.2€', '46 at 102.05€'), ('IWN', '295.35€', '55 at 80.39€')]","[('EFA', '342.4€', '80 at 57.66€')]",[11.42],"[('IWD', 58, 77.98, 9.93)]",72.93,13711.52,8.3,[0.0]
82,6,2012,November,"['IWD', 'IWO', 'IWN']","['IWD', 'IWN', 'IWO']",72.93,"[('IWD', '140.94€', '58 at 80.41€'), ('IWO', '257.6€', '46 at 106.95€'), ('IWN', '473.55€', '55 at 83.63€')]",[],[],[],72.93,14256.06,544.54,[]
83,6,2012,December,"['IWD', 'IWN', 'IWO']","['IWF', 'IWD', 'VNQ']",72.93,"[('IWD', '153.7€', '58 at 80.63€')]","[('IWN', '322.3€', '55 at 80.88€'), ('IWO', '98.9€', '46 at 103.5€')]","[11.17, 11.64]","[('IWF', 64, 71.2, 9.97), ('VNQ', 62, 73.7, 9.98)]",113.37,13916.11,-339.95,"[0.0, 0.0]"
84,7,2013,January,"['IWF', 'IWD', 'VNQ']","['IWN', 'IWD', 'IWO']",113.37,"[('IWD', '443.12€', '58 at 85.62€')]","[('IWF', '269.44€', '64 at 75.41€'), ('VNQ', '158.1€', '62 at 76.25€')]","[11.74, 11.59]","[('IWN', 55, 86.6, 10.22), ('IWO', 43, 111.76, 10.27)]",54.61,14589.25,673.14,"[0.0, 0.0]"
85,7,2013,February,"['IWN', 'IWD', 'IWO']","['IWN', 'IWD', 'IWO']",54.61,"[('IWN', '-113.3€', '55 at 84.54€'), ('IWD', '283.62€', '58 at 82.87€'), ('IWO', '-50.74€', '43 at 110.58€')]",[],[],[],54.61,14265.71,-323.54,[]
86,7,2013,March,"['IWN', 'IWD', 'IWO']","['IWD', 'IWN', 'IWO']",54.61,"[('IWN', '320.65€', '55 at 92.43€'), ('IWD', '607.84€', '58 at 88.46€'), ('IWO', '359.05€', '43 at 120.11€')]",[],[],[],54.61,15433.67,1167.96,[]
87,7,2013,April,"['IWD', 'IWN', 'IWO']","['IWN', 'IWF', 'IWO']",54.61,"[('IWN', '125.4€', '55 at 88.88€'), ('IWO', '312.61€', '43 at 119.03€')]","[('IWD', '457.04€', '58 at 85.86€')]",[11.97],"[('IWF', 60, 75.52, 9.94)]",25.09,14562.98,-870.69,[456.29]
88,7,2013,May,"['IWN', 'IWF', 'IWO']","['IWF', 'EEM', 'IWO']",25.09,"[('IWF', '258.6€', '60 at 79.83€'), ('IWO', '617.05€', '43 at 126.11€')]","[('IWN', '304.15€', '55 at 92.13€')]",[12.1],"[('EEM', 117, 43.04, 10.54)]",33.92,15282.13,719.15,[0.0]
89,7,2013,June,"['IWF', 'EEM', 'IWO']","['EFA', 'IWN', 'IWO']",33.92,"[('IWO', '774.86€', '43 at 129.78€')]","[('IWF', '317.4€', '60 at 80.81€'), ('EEM', '23.4€', '117 at 43.24€')]","[11.77, 12.09]","[('EFA', 74, 66.18, 10.38), ('IWN', 51, 95.45, 10.34)]",131.75,15477.56,195.43,"[0.0, 0.0]"
90,7,2013,July,"['EFA', 'IWN', 'IWO']","['IWD', 'IWF', 'IWO']",131.75,"[('IWO', '743.04€', '43 at 129.04€')]","[('EFA', '0.0€', '74 at 66.18€'), ('IWN', '-8.16€', '51 at 95.29€')]","[11.85, 11.79]","[('IWD', 53, 91.97, 10.35), ('IWF', 59, 82.96, 10.37)]",75.45,15393.22,-84.34,"[0.0, 0.0]"
91,7,2013,August,"['IWD', 'IWF', 'IWO']","['IWF', 'IWN', 'IWO']",75.45,"[('IWF', '73.16€', '59 at 84.2€'), ('IWO', '871.61€', '43 at 132.03€')]","[('IWD', '53.53€', '53 at 92.98€')]",[11.89],"[('IWN', 50, 97.92, 10.38)]",85.12,15626.21,232.99,[0.0]
92,7,2013,September,"['IWF', 'IWN', 'IWO']","['EFA', 'IWF', 'IWO']",85.12,"[('IWF', '161.66€', '59 at 85.7€'), ('IWO', '1120.15€', '43 at 137.81€')]","[('IWN', '38.0€', '50 at 98.68€')]",[11.9],"[('EFA', 74, 66.81, 10.43)]",52.85,15978.92,352.71,[0.0]
93,7,2013,October,"['EFA', 'IWF', 'IWO']","['VNQ', 'IWO', 'IWF']",52.85,"[('IWF', '185.85€', '59 at 86.11€'), ('IWO', '1027.27€', '43 at 135.65€')]","[('EFA', '-42.18€', '74 at 66.24€')]",[11.85],"[('VNQ', 71, 69.12, 10.39)]",24.85,15845.81,-133.11,[0.0]
94,7,2013,November,"['VNQ', 'IWO', 'IWF']","['IWF', 'IWN', 'IWO']",24.85,"[('IWO', '1306.77€', '43 at 142.15€'), ('IWF', '300.9€', '59 at 88.06€')]","[('VNQ', '120.7€', '71 at 70.82€')]",[12.04],"[('IWN', 49, 102.18, 10.51)]",23.7,16338.51,492.7,[0.0]
95,7,2013,December,"['IWF', 'IWN', 'IWO']","['IWD', 'DBC', 'VNQ']",23.7,[],"[('IWF', '164.02€', '59 at 85.74€'), ('IWN', '-151.9€', '49 at 99.08€'), ('IWO', '801.95€', '43 at 130.41€')]","[12.09, 11.78, 12.91]","[('IWD', 53, 96.36, 10.63), ('DBC', 193, 26.64, 10.67), ('VNQ', 71, 71.77, 10.61)]",131.95,15476.22,-862.29,"[0.0, 0.0, 0.0]"
96,8,2014,January,"['IWD', 'DBC', 'VNQ']","['EEM', 'TLT', 'VNQ']",131.95,"[('VNQ', '182.47€', '71 at 74.34€')]","[('IWD', '41.87€', '53 at 97.15€'), ('DBC', '-75.27€', '193 at 26.25€')]","[12.22, 12.1]","[('EEM', 119, 42.94, 10.63), ('TLT', 45, 112.7, 10.59)]",120.25,15579.75,103.53,"[0.0, 0.0]"
97,8,2014,February,"['EEM', 'TLT', 'VNQ']","['IWD', 'VNQ', 'EEM']",120.25,"[('EEM', '55.93€', '119 at 43.41€'), ('VNQ', '160.46€', '71 at 74.03€')]","[('TLT', '-12.15€', '45 at 112.43€')]",[12.09],"[('IWD', 47, 100.12, 10.15)]",80.28,15207.84,-371.91,[371.44]
98,8,2014,March,"['IWD', 'VNQ', 'EEM']","['IWD', 'EEM', 'VNQ']",80.28,"[('IWD', '83.66€', '47 at 101.9€'), ('VNQ', '314.53€', '71 at 76.2€'), ('EEM', '163.03€', '119 at 44.31€')]",[],[],[],80.28,15552.67,344.83,[]
99,8,2014,April,"['IWD', 'EEM', 'VNQ']","['VNQ', 'EEM', 'TLT']",80.28,"[('EEM', '186.83€', '119 at 44.51€'), ('VNQ', '316.66€', '71 at 76.23€')]","[('IWD', '0.47€', '47 at 100.13€')]",[11.56],"[('TLT', 40, 117.71, 10.15)]",56.28,15473.7,-78.97,[0.0]
100,8,2014,May,"['VNQ', 'EEM', 'TLT']","['IWF', 'EEM', 'IWD']",56.28,"[('EEM', '74.97€', '119 at 43.57€')]","[('VNQ', '122.83€', '71 at 73.5€'), ('TLT', '-166.4€', '40 at 113.55€')]","[12.33, 11.31]","[('IWF', 53, 92.14, 10.36), ('IWD', 47, 101.92, 10.25)]",98.87,14957.36,-516.34,"[0.0, 0.0]"
101,8,2014,June,"['IWF', 'EEM', 'IWD']","['VNQ', 'IEF', 'TLT']",98.87,[],"[('IWF', '-281.96€', '53 at 86.82€'), ('EEM', '-211.82€', '119 at 41.16€'), ('IWD', '-299.86€', '47 at 95.54€')]","[11.4, 11.85, 11.24]","[('VNQ', 62, 74.75, 10.06), ('IEF', 44, 106.1, 10.1), ('TLT', 38, 121.57, 10.04)]",101.5,14024.06,-933.3,"[0.0, 0.0, 0.0]"
102,8,2014,July,"['VNQ', 'IEF', 'TLT']","['IWD', 'IWF', 'IWO']",101.5,[],"[('VNQ', '269.7€', '62 at 79.1€'), ('IEF', '-53.68€', '44 at 104.88€'), ('TLT', '-101.08€', '38 at 118.91€')]","[11.86, 11.42, 11.28]","[('IWD', 45, 103.37, 10.08), ('IWF', 49, 95.19, 10.1), ('IWO', 33, 138.05, 9.97)]",202.68,14074.29,50.23,"[0.0, 0.0, 0.0]"
103,8,2014,August,"['IWD', 'IWF', 'IWO']","['IEF', 'VNQ', 'TLT']",202.68,[],"[('IWD', '-116.55€', '45 at 100.78€'), ('IWF', '-103.88€', '49 at 93.07€'), ('IWO', '-92.07€', '33 at 135.26€')]","[11.3, 11.34, 11.2]","[('IEF', 42, 106.62, 9.87), ('VNQ', 57, 79.78, 9.96), ('TLT', 36, 126.04, 9.94)]",135.24,13698.18,-376.11,"[0.0, 0.0, 0.0]"
104,8,2014,September,"['IEF', 'VNQ', 'TLT']","['IWO', 'TLT', 'VNQ']",135.24,"[('VNQ', '342.0€', '57 at 85.78€'), ('TLT', '208.08€', '36 at 131.82€')]","[('IEF', '72.66€', '42 at 108.35€')]",[11.33],"[('IWO', 33, 140.52, 10.06)]",27.39,14299.53,601.35,[0.0]
105,8,2014,October,"['IWO', 'TLT', 'VNQ']","['IWO', 'VNQ', 'TLT']",27.39,"[('IWO', '115.83€', '33 at 144.03€'), ('TLT', '140.76€', '36 at 129.95€'), ('VNQ', '275.88€', '57 at 84.62€')]",[],[],[],27.39,14281.92,-17.61,[]
106,8,2014,November,"['IWO', 'VNQ', 'TLT']","['VNQ', 'IWF', 'IWO']",27.39,"[('IWO', '299.64€', '33 at 149.6€'), ('VNQ', '148.2€', '57 at 82.38€')]","[('TLT', '24.48€', '36 at 126.72€')]",[11.34],"[('IWF', 46, 98.31, 9.93)]",45.78,14200.5,-81.42,[0.0]
107,8,2014,December,"['VNQ', 'IWF', 'IWO']","['EFA', 'EEM', 'IWO']",45.78,"[('IWO', '438.57€', '33 at 153.81€')]","[('VNQ', '143.64€', '57 at 82.3€'), ('IWF', '83.72€', '46 at 100.13€')]","[11.54, 11.41]","[('EFA', 70, 65.84, 10.03), ('EEM', 109, 42.63, 10.08)]",44.33,14375.53,175.03,"[0.0, 0.0]"
108,9,2015,January,"['EFA', 'EEM', 'IWO']","['IWO', 'EEM', 'EFA']",44.33,"[('EFA', '83.3€', '70 at 67.03€'), ('EEM', '-33.79€', '109 at 42.32€'), ('IWO', '301.29€', '33 at 149.65€')]",[],[],[],44.33,14287.76,-87.77,[]
109,9,2015,February,"['IWO', 'EEM', 'EFA']","['IWF', 'EFA', 'IWO']",44.33,"[('IWO', '495.0€', '33 at 155.52€'), ('EFA', '62.3€', '70 at 66.73€')]","[('EEM', '-260.51€', '109 at 40.24€')]",[11.08],"[('IWF', 43, 100.92, 9.71)]",70.14,14212.96,-74.8,[None]
110,9,2015,March,"['IWF', 'EFA', 'IWO']","['EFA', 'IWF', 'IWO']",70.14,"[('IWF', '3.87€', '43 at 101.01€'), ('EFA', '-91.0€', '70 at 64.54€'), ('IWO', '530.31€', '33 at 156.59€')]",[],[],[],70.14,14098.84,-114.12,[]
111,9,2015,April,"['EFA', 'IWF', 'IWO']","['EFA', 'IWO', 'IWF']",70.14,"[('EFA', '-30.8€', '70 at 65.4€'), ('IWF', '38.27€', '43 at 101.81€'), ('IWO', '381.81€', '33 at 152.09€')]",[],[],[],70.14,14044.94,-53.9,[]
112,9,2015,May,"['EFA', 'IWO', 'IWF']","['GLD', 'TLT', 'IEF']",70.14,[],"[('EFA', '-474.6€', '70 at 59.06€'), ('IWO', '71.28€', '33 at 142.68€'), ('IWF', '-251.55€', '43 at 95.07€')]","[10.7, 11.56, 10.63]","[('GLD', 40, 106.13, 9.59), ('TLT', 35, 121.45, 9.6), ('IEF', 40, 106.54, 9.61)]",181.55,12939.1,-1105.84,"[0.0, 0.0, 0.0]"
113,9,2015,June,"['GLD', 'TLT', 'IEF']","['GLD', 'IEF', 'VNQ']",181.55,"[('GLD', '189.6€', '40 at 110.87€'), ('IEF', '36.0€', '40 at 107.44€')]","[('TLT', '29.05€', '35 at 122.28€')]",[10.92],"[('VNQ', 56, 78.99, 9.81)]",17.18,13173.02,233.92,[0.0]
114,9,2015,July,"['GLD', 'IEF', 'VNQ']","['IWO', 'IEF', 'IWF']",17.18,"[('IEF', '-54.0€', '40 at 105.19€')]","[('GLD', '-69.2€', '40 at 104.4€'), ('VNQ', '-118.16€', '56 at 76.88€')]","[10.76, 10.96]","[('IWO', 29, 145.28, 9.56), ('IWF', 41, 101.0, 9.47)]",103.59,12665.31,-507.71,"[0.0, 0.0]"
115,9,2015,August,"['IWO', 'IEF', 'IWF']","['TLT', 'IWF', 'VNQ']",103.59,"[('IWF', '16.81€', '41 at 101.41€')]","[('IWO', '-57.42€', '29 at 143.3€'), ('IEF', '-14.8€', '40 at 106.17€')]","[10.73, 10.87]","[('TLT', 34, 121.81, 9.47), ('VNQ', 53, 78.8, 9.51)]",147.57,12623.32,-41.99,"[0.0, 0.0]"
116,9,2015,September,"['TLT', 'IWF', 'VNQ']","['VNQ', 'IEF', 'TLT']",147.57,"[('TLT', '34.0€', '34 at 122.81€'), ('VNQ', '-15.37€', '53 at 78.51€')]","[('IWF', '-269.37€', '41 at 94.43€')]",[10.31],"[('IEF', 37, 106.88, 9.25)]",45.08,12336.21,-287.11,[0.0]
117,9,2015,October,"['VNQ', 'IEF', 'TLT']","['IEF', 'GLD', 'TLT']",45.08,"[('IEF', '136.53€', '37 at 110.57€'), ('TLT', '329.12€', '34 at 131.49€')]","[('VNQ', '-288.85€', '53 at 73.35€')]",[10.33],"[('GLD', 34, 113.83, 9.14)]",42.94,12474.91,138.7,[0.0]
118,9,2015,November,"['IEF', 'GLD', 'TLT']","['IWD', 'VNQ', 'GLD']",42.94,"[('GLD', '248.54€', '34 at 121.14€')]","[('IEF', '74.74€', '37 at 108.9€'), ('TLT', '229.5€', '34 at 128.56€')]","[10.54, 11.06]","[('IWD', 43, 97.36, 9.52), ('VNQ', 52, 80.08, 9.5)]",52.02,12521.42,46.51,"[0.0, 0.0]"
119,9,2015,December,"['IWD', 'VNQ', 'GLD']","['IWF', 'VNQ', 'TLT']",52.02,"[('VNQ', '163.28€', '52 at 83.22€')]","[('IWD', '53.32€', '43 at 98.6€'), ('GLD', '105.74€', '34 at 116.94€')]","[10.86, 10.46]","[('IWF', 40, 100.73, 9.34), ('TLT', 31, 131.23, 9.38)]",130.41,12555.18,33.76,"[0.0, 0.0]"
120,10,2016,January,"['IWF', 'VNQ', 'TLT']","['DBC', 'VNQ', 'GLD']",130.41,"[('VNQ', '286.52€', '52 at 85.59€')]","[('IWF', '-75.2€', '40 at 98.85€'), ('TLT', '-24.18€', '31 at 130.45€')]","[10.43, 10.57]","[('DBC', 286, 14.12, 9.35), ('GLD', 32, 123.18, 9.23)]",108.7,12539.46,-15.72,"[0.0, 0.0]"
121,10,2016,February,"['DBC', 'VNQ', 'GLD']","['IWD', 'IWN', 'DBC']",108.7,"[('DBC', '300.3€', '286 at 15.17€')]","[('VNQ', '196.56€', '52 at 83.86€'), ('GLD', '-136.32€', '32 at 118.92€')]","[11.04, 10.21]","[('IWD', 39, 103.22, 9.33), ('IWN', 41, 98.45, 9.34)]",172.91,12573.56,34.1,"[None, 0.0]"
122,10,2016,March,"['IWD', 'IWN', 'DBC']","['TLT', 'DBC', 'GLD']",172.91,"[('DBC', '280.28€', '286 at 15.1€')]","[('IWD', '-36.27€', '39 at 102.29€'), ('IWN', '-101.27€', '41 at 95.98€')]","[10.48, 10.4]","[('TLT', 28, 142.33, 9.28), ('GLD', 31, 129.47, 9.32)]",59.11,12376.52,-197.04,"[0.0, 0.0]"
123,10,2016,April,"['TLT', 'DBC', 'GLD']","['IWN', 'EEM', 'IWO']",59.11,[],"[('TLT', '-80.64€', '28 at 139.45€'), ('DBC', '51.48€', '286 at 14.3€'), ('GLD', '12.4€', '31 at 129.87€')]","[10.36, 10.63, 10.54]","[('IWN', 39, 101.3, 9.24), ('EEM', 110, 36.2, 9.28), ('IWO', 27, 144.97, 9.2)]",173.34,12020.23,-356.29,"[0.0, 0.0, 0.0]"
124,10,2016,May,"['IWN', 'EEM', 'IWO']","['IWO', 'EEM', 'IWN']",173.34,"[('IWN', '118.95€', '39 at 104.35€'), ('EEM', '36.3€', '110 at 36.53€'), ('IWO', '56.43€', '27 at 147.06€')]",[],[],[],173.34,12231.91,211.68,[]
125,10,2016,June,"['IWO', 'EEM', 'IWN']","['DBC', 'IWN', 'EEM']",173.34,"[('EEM', '166.1€', '110 at 37.71€'), ('IWN', '115.83€', '39 at 104.27€')]","[('IWO', '97.2€', '27 at 148.57€')]",[10.52],"[('DBC', 275, 15.14, 9.5)]",1.21,12379.34,147.43,[0.0]
126,10,2016,July,"['DBC', 'IWN', 'EEM']","['IWD', 'DBC', 'EEM']",1.21,"[('DBC', '-79.75€', '275 at 14.85€'), ('EEM', '22.0€', '110 at 36.4€')]","[('IWN', '-86.97€', '39 at 99.07€')]",[10.3],"[('IWD', 37, 102.53, 9.05)]",51.98,11933.34,-446.0,[0.0]
127,10,2016,August,"['IWD', 'DBC', 'EEM']","['IWD', 'IWO', 'IWN']",51.98,"[('IWD', '278.24€', '37 at 110.05€')]","[('DBC', '126.5€', '275 at 15.6€'), ('EEM', '-118.8€', '110 at 35.12€')]","[10.93, 10.29]","[('IWO', 27, 150.56, 9.38), ('IWN', 35, 114.82, 9.32)]",81.44,12237.11,303.77,"[0.0, 0.0]"
128,10,2016,September,"['IWD', 'IWO', 'IWN']","['IWD', 'IWO', 'IWN']",81.44,"[('IWD', '354.83€', '37 at 112.12€'), ('IWO', '109.62€', '27 at 154.62€'), ('IWN', '160.65€', '35 at 119.41€')]",[],[],[],81.44,12583.97,346.86,[]
129,10,2016,October,"['IWD', 'IWO', 'IWN']","['IWD', 'IWO', 'IWN']",81.44,"[('IWD', '376.66€', '37 at 112.71€'), ('IWO', '153.36€', '27 at 156.24€'), ('IWN', '108.85€', '35 at 117.93€')]",[],[],[],81.44,12597.74,13.77,[]
130,10,2016,November,"['IWD', 'IWO', 'IWN']","['IWD', 'IWN', 'IWF']",81.44,"[('IWD', '553.89€', '37 at 117.5€'), ('IWN', '188.65€', '35 at 120.21€')]","[('IWO', '302.13€', '27 at 161.75€')]",[11.05],"[('IWF', 38, 113.66, 9.68)]",108.88,12982.81,385.07,[0.0]
131,10,2016,December,"['IWD', 'IWN', 'IWF']","['EFA', 'IWF', 'EEM']",108.88,"[('IWF', '-3.42€', '38 at 113.57€')]","[('IWD', '448.07€', '37 at 114.64€'), ('IWN', '72.45€', '35 at 116.89€')]","[10.86, 10.64]","[('EFA', 67, 62.2, 9.5), ('EEM', 106, 39.61, 9.54)]",35.11,12716.83,-265.98,"[0.0, 0.0]"
132,11,2017,January,"['EFA', 'IWF', 'EEM']","['IWN', 'IWF', 'IWO']",35.11,"[('IWF', '117.8€', '38 at 116.76€')]","[('EFA', '124.62€', '67 at 64.06€'), ('EEM', '72.08€', '106 at 40.29€')]","[10.94, 10.91]","[('IWN', 35, 119.17, 9.51), ('IWO', 25, 165.81, 9.47)]",240.84,12993.92,277.09,"[0.0, 0.0]"
133,11,2017,February,"['IWN', 'IWF', 'IWO']","['IWF', 'EEM', 'EFA']",240.84,"[('IWF', '215.84€', '38 at 119.34€')]","[('IWN', '-147.0€', '35 at 114.97€'), ('IWO', '-62.0€', '25 at 163.33€')]","[10.54, 10.62]","[('EEM', 100, 41.2, 9.44), ('EFA', 62, 66.06, 9.41)]",92.31,12842.95,-150.97,"[None, 0.0]"
134,11,2017,March,"['IWF', 'EEM', 'EFA']","['IWF', 'IWO', 'EEM']",92.31,"[('IWF', '203.68€', '38 at 119.02€'), ('EEM', '19.0€', '100 at 41.39€')]","[('EFA', '-53.32€', '62 at 65.2€')]",[10.56],"[('IWO', 24, 168.77, 9.36)]",64.31,12776.55,-66.4,[0.0]
135,11,2017,April,"['IWF', 'IWO', 'EEM']","['IWF', 'EFA', 'EEM']",64.31,"[('IWF', '305.52€', '38 at 121.7€'), ('EEM', '260.0€', '100 at 43.8€')]","[('IWO', '30.96€', '24 at 170.06€')]",[10.62],"[('EFA', 61, 66.93, 9.4)]",43.0,13130.33,353.78,[0.0]
136,11,2017,May,"['IWF', 'EFA', 'EEM']","['GLD', 'TLT', 'EEM']",43.0,"[('EEM', '349.0€', '100 at 44.69€')]","[('IWF', '318.82€', '38 at 122.05€'), ('EFA', '-27.45€', '61 at 66.48€')]","[11.46, 10.58]","[('GLD', 34, 124.42, 9.58), ('TLT', 34, 127.65, 9.71)]",124.47,13163.85,33.52,"[0.0, 0.0]"
137,11,2017,June,"['GLD', 'TLT', 'EEM']","['EEM', 'IWN', 'IWO']",124.47,"[('EEM', '310.0€', '100 at 44.3€')]","[('GLD', '-75.14€', '34 at 122.21€'), ('TLT', '-107.78€', '34 at 124.48€')]","[10.73, 10.85]","[('IWN', 34, 124.09, 9.56), ('IWO', 23, 178.31, 9.42)]",151.18,12901.37,-262.48,"[0.0, 0.0]"
138,11,2017,July,"['EEM', 'IWN', 'IWO']","['DBC', 'IWF', 'EEM']",151.18,"[('EEM', '465.0€', '100 at 45.85€')]","[('IWN', '-18.7€', '34 at 123.54€'), ('IWO', '33.12€', '23 at 179.75€')]","[10.8, 10.7]","[('DBC', 264, 15.97, 9.56), ('IWF', 32, 129.62, 9.48)]",81.33,13030.25,128.88,"[0.0, 0.0]"
139,11,2017,August,"['DBC', 'IWF', 'EEM']","['IWF', 'IWO', 'DBC']",81.33,"[('DBC', '116.16€', '264 at 16.41€'), ('IWF', '103.36€', '32 at 132.85€')]","[('EEM', '581.0€', '100 at 47.01€')]",[11.55],"[('IWO', 25, 183.75, 10.01)]",167.02,13344.21,313.96,[0.0]
140,11,2017,September,"['IWF', 'IWO', 'DBC']","['IWO', 'DBC', 'IWF']",167.02,"[('IWF', '174.08€', '32 at 135.06€'), ('IWO', '93.0€', '25 at 187.47€'), ('DBC', '134.64€', '264 at 16.48€')]",[],[],[],167.02,13526.41,182.2,[]
141,11,2017,October,"['IWO', 'DBC', 'IWF']","['IWO', 'IWF', 'EEM']",167.02,"[('IWO', '349.5€', '25 at 197.73€'), ('IWF', '527.36€', '32 at 146.1€')]","[('DBC', '337.92€', '264 at 17.25€')]",[11.33],"[('EEM', 90, 52.08, 10.12)]",12.37,14318.02,791.61,[0.0]
142,11,2017,November,"['IWO', 'IWF', 'EEM']","['DBC', 'IWO', 'IWF']",12.37,"[('IWO', '241.25€', '25 at 193.4€'), ('IWF', '439.68€', '32 at 143.36€')]","[('EEM', '-171.0€', '90 at 50.18€')]",[11.27],"[('DBC', 265, 16.95, 9.89)]",15.66,13929.93,-388.09,[0.0]
143,11,2017,December,"['DBC', 'IWO', 'IWF']","['IWO', 'GLD', 'DBC']",15.66,"[('DBC', '-13.25€', '265 at 16.9€'), ('IWO', '132.5€', '25 at 189.05€')]","[('IWF', '162.24€', '32 at 134.69€')]",[10.97],"[('GLD', 33, 127.49, 9.55)]",98.05,13509.97,-419.96,[0.0]
144,12,2018,January,"['IWO', 'GLD', 'DBC']","['IWN', 'IWO', 'DBC']",98.05,"[('IWO', '227.75€', '25 at 192.86€'), ('DBC', '143.1€', '265 at 17.49€')]","[('GLD', '-83.16€', '33 at 124.97€')]",[10.69],"[('IWN', 33, 125.4, 9.47)]",63.7,13658.25,148.28,[0.0]
145,12,2018,February,"['IWN', 'IWO', 'DBC']","['IWN', 'DBC', 'IWO']",63.7,"[('IWN', '169.62€', '33 at 130.54€'), ('IWO', '440.0€', '25 at 201.35€'), ('DBC', '238.5€', '265 at 17.85€')]",[],[],[],63.7,14135.52,477.27,[]
146,12,2018,March,"['IWN', 'DBC', 'IWO']","['IWF', 'IWN', 'IWO']",63.7,"[('IWN', '262.35€', '33 at 133.35€'), ('IWO', '550.25€', '25 at 205.76€')]","[('DBC', '74.2€', '265 at 17.23€')]",[11.35],"[('IWF', 32, 143.62, 10.02)]",12.44,14152.83,17.31,[None]
147,12,2018,April,"['IWF', 'IWN', 'IWO']","['VNQ', 'IWO', 'IWF']",12.44,"[('IWF', '264.32€', '32 at 151.88€'), ('IWO', '688.0€', '25 at 211.27€')]","[('IWN', '270.27€', '33 at 133.59€')]",[11.11],"[('VNQ', 54, 81.14, 9.76)]",18.48,14541.95,389.12,[0.0]
148,12,2018,May,"['VNQ', 'IWO', 'IWF']","['IWN', 'VNQ', 'IWO']",18.48,"[('VNQ', '123.12€', '54 at 83.42€'), ('IWO', '822.75€', '25 at 216.66€')]","[('IWF', '300.16€', '32 at 153.0€')]",[11.84],"[('IWN', 35, 136.84, 10.25)]",102.99,14813.57,271.62,[0.0]
149,12,2018,June,"['IWN', 'VNQ', 'IWO']","['IWD', 'IWO', 'IWF']",102.99,"[('IWO', '802.75€', '25 at 215.86€')]","[('IWN', '-84.35€', '35 at 134.43€'), ('VNQ', '-52.38€', '54 at 80.17€')]","[11.56, 10.99]","[('IWD', 35, 128.59, 9.9), ('IWF', 29, 155.48, 9.91)]",85.29,14491.36,-322.21,"[0.0, 0.0]"
150,12,2018,July,"['IWD', 'IWO', 'IWF']","['GLD', 'IEF', 'DBC']",85.29,[],"[('IWD', '-288.4€', '35 at 120.35€'), ('IWO', '163.75€', '25 at 190.3€'), ('IWF', '-319.87€', '29 at 144.45€')]","[10.82, 11.64, 10.78]","[('GLD', 37, 116.39, 9.67), ('IEF', 43, 100.39, 9.68), ('DBC', 252, 17.38, 9.76)]",178.78,13181.74,-1309.62,"[0.0, 0.0, 0.0]"
151,12,2018,August,"['GLD', 'IEF', 'DBC']","['GLD', 'IEF', 'VNQ']",178.78,"[('GLD', '-22.94€', '37 at 115.77€'), ('IEF', '39.56€', '43 at 101.31€')]","[('DBC', '-524.16€', '252 at 15.3€')]",[10.28],"[('VNQ', 50, 79.98, 9.3)]",15.8,12654.62,-527.12,[0.0]
152,12,2018,September,"['GLD', 'IEF', 'VNQ']","['IEF', 'GLD', 'TLT']",15.8,"[('GLD', '134.31€', '37 at 120.02€'), ('IEF', '132.87€', '43 at 103.48€')]","[('VNQ', '-412.0€', '50 at 71.74€')]",[9.88],"[('TLT', 29, 121.32, 8.72)]",65.92,12474.58,-180.04,[0.0]
153,12,2018,October,"['IEF', 'GLD', 'TLT']","['IEF', 'GLD', 'VNQ']",65.92,"[('IEF', '146.2€', '43 at 103.79€'), ('GLD', '187.22€', '37 at 121.45€')]","[('TLT', '-27.55€', '29 at 120.37€')]",[9.74],"[('VNQ', 44, 79.19, 8.68)]",53.87,12494.85,20.27,[0.0]
154,12,2018,November,"['IEF', 'GLD', 'VNQ']","['IWF', 'VNQ', 'GLD']",53.87,"[('GLD', '373.33€', '37 at 126.48€'), ('VNQ', '235.4€', '44 at 84.54€')]","[('IEF', '181.03€', '43 at 104.6€')]",[11.25],"[('IWF', 30, 146.99, 9.79)]",120.93,12930.15,435.3,[0.0]
155,12,2018,December,"['IWF', 'VNQ', 'GLD']","['TLT', 'IWF', 'VNQ']",120.93,"[('IWF', '71.7€', '30 at 149.38€'), ('VNQ', '309.32€', '44 at 86.22€')]","[('GLD', '280.46€', '37 at 123.97€')]",[11.38],"[('TLT', 37, 124.86, 10.04)]",66.58,12961.48,31.33,[0.0]
156,13,2019,January,"['TLT', 'IWF', 'VNQ']","['EFA', 'EEM', 'IWF']",66.58,"[('IWF', '273.9€', '30 at 156.12€')]","[('TLT', '-94.35€', '37 at 122.31€'), ('VNQ', '235.84€', '44 at 84.55€')]","[11.29, 10.08]","[('EFA', 62, 66.56, 9.45), ('EEM', 93, 44.27, 9.44)]",28.16,12955.59,-5.89,"[0.0, 0.0]"
157,13,2019,February,"['EFA', 'EEM', 'IWF']","['TLT', 'VNQ', 'IWF']",28.16,"[('IWF', '198.3€', '30 at 153.6€')]","[('EFA', '-100.44€', '62 at 64.94€'), ('EEM', '-338.52€', '93 at 40.63€')]","[10.54, 10.17]","[('TLT', 31, 125.53, 9.17), ('VNQ', 44, 87.33, 9.11)]",60.09,12402.04,-553.55,"[None, 0.0]"
158,13,2019,March,"['TLT', 'VNQ', 'IWF']","['IWO', 'VNQ', 'IWF']",60.09,"[('VNQ', '184.36€', '44 at 91.52€'), ('IWF', '372.0€', '30 at 159.39€')]","[('TLT', '228.16€', '31 at 132.89€')]",[10.68],"[('IWO', 20, 201.68, 9.34)]",126.06,12968.24,566.2,[0.0]
159,13,2019,April,"['IWO', 'VNQ', 'IWF']","['TLT', 'IWF', 'GLD']",126.06,"[('IWF', '447.6€', '30 at 161.91€')]","[('IWO', '-22.4€', '20 at 200.56€'), ('VNQ', '0.88€', '44 at 87.35€')]","[10.52, 10.27]","[('TLT', 30, 131.94, 9.25), ('GLD', 29, 134.45, 9.18)]",84.19,12798.74,-169.5,"[0.0, 0.0]"
160,13,2019,May,"['TLT', 'IWF', 'GLD']","['VNQ', 'GLD', 'TLT']",84.19,"[('TLT', '363.0€', '30 at 144.04€'), ('GLD', '193.14€', '29 at 141.11€')]","[('IWF', '383.1€', '30 at 159.76€')]",[11.69],"[('VNQ', 52, 91.84, 10.23)]",79.39,13268.46,469.72,[0.0]
161,13,2019,June,"['VNQ', 'GLD', 'TLT']","['IWD', 'TLT', 'GLD']",79.39,"[('GLD', '181.54€', '29 at 140.71€'), ('TLT', '230.4€', '30 at 139.62€')]","[('VNQ', '66.56€', '52 at 93.12€')]",[11.76],"[('IWD', 37, 130.05, 10.27)]",87.75,13168.79,-99.67,[0.0]
162,13,2019,July,"['IWD', 'TLT', 'GLD']","['TLT', 'GLD', 'VNQ']",87.75,"[('TLT', '229.2€', '30 at 139.58€'), ('GLD', '174.29€', '29 at 140.46€')]","[('IWD', '-76.22€', '37 at 127.99€')]",[11.6],"[('VNQ', 50, 94.53, 10.17)]",75.11,13062.35,-106.44,[0.0]
163,13,2019,August,"['TLT', 'GLD', 'VNQ']","['EFA', 'IWD', 'IWF']",75.11,[],"[('TLT', '182.1€', '30 at 138.01€'), ('GLD', '120.93€', '29 at 138.62€'), ('VNQ', '-72.0€', '50 at 93.09€')]","[10.71, 10.53, 11.48]","[('EFA', 62, 68.4, 9.59), ('IWD', 32, 133.52, 9.63), ('IWF', 25, 169.39, 9.58)]",80.18,12828.37,-233.98,"[0.0, 0.0, 0.0]"
164,13,2019,September,"['EFA', 'IWD', 'IWF']","['IWN', 'IWO', 'IWF']",80.18,"[('IWF', '95.75€', '25 at 173.22€')]","[('EFA', '50.84€', '62 at 69.22€'), ('IWD', '57.92€', '32 at 135.33€')]","[10.94, 11.0]","[('IWN', 33, 127.94, 9.57), ('IWO', 20, 212.56, 9.6)]",188.05,12991.77,163.4,"[0.0, 0.0]"
165,13,2019,October,"['IWN', 'IWO', 'IWF']","['EEM', 'IWO', 'IWF']",188.05,"[('IWO', '200.6€', '20 at 222.59€'), ('IWF', '361.75€', '25 at 183.86€')]","[('IWN', '51.48€', '33 at 129.5€')]",[10.91],"[('EEM', 96, 45.97, 9.8)]",27.72,13489.14,497.37,[0.0]
166,13,2019,November,"['EEM', 'IWO', 'IWF']","['VNQ', 'IWO', 'IWF']",27.72,"[('IWO', '223.6€', '20 at 223.74€'), ('IWF', '539.5€', '25 at 190.97€')]","[('EEM', '-197.76€', '96 at 43.91€')]",[10.82],"[('VNQ', 42, 99.45, 9.51)]",45.85,13471.8,-17.34,[0.0]
167,13,2019,December,"['VNQ', 'IWO', 'IWF']","['GLD', 'IEF', 'TLT']",45.85,[],"[('VNQ', '-1430.52€', '42 at 65.39€'), ('IWO', '-1445.2€', '20 at 140.3€'), ('IWF', '-783.25€', '25 at 138.06€')]","[8.62, 8.71, 9.68]","[('GLD', 21, 141.64, 8.07), ('IEF', 24, 120.45, 7.97), ('TLT', 18, 163.91, 8.04)]",183.02,8998.64,-4473.16,"[0.0, 0.0, 0.0]"
168,14,2020,January,"['GLD', 'IEF', 'TLT']","['IEF', 'GLD', 'TLT']",183.02,"[('GLD', '424.41€', '21 at 161.85€'), ('IEF', '35.76€', '24 at 121.94€'), ('TLT', '76.86€', '18 at 168.18€')]",[],[],[],183.02,9535.67,537.03,[]
169,14,2020,February,"['IEF', 'GLD', 'TLT']","['IEF', 'GLD', 'TLT']",183.02,"[('IEF', '36.0€', '24 at 121.95€'), ('GLD', '468.09€', '21 at 163.93€'), ('TLT', '50.4€', '18 at 166.71€')]",[],[],[],183.02,9553.13,17.46,[]
170,14,2020,March,"['IEF', 'GLD', 'TLT']","['VNQ', 'IWO', 'IWF']",183.02,[],"[('IEF', '20.16€', '24 at 121.29€'), ('GLD', '434.49€', '21 at 162.33€'), ('TLT', '-27.36€', '18 at 162.39€')]","[8.87, 9.61, 8.88]","[('VNQ', 38, 81.77, 8.23), ('IWO', 15, 201.64, 8.13), ('IWF', 16, 186.29, 8.08)]",261.63,9374.13,-179.0,"[None, 0.0, 0.0]"
171,14,2020,April,"['VNQ', 'IWO', 'IWF']","['EEM', 'GLD', 'IWF']",261.63,"[('IWF', '228.32€', '16 at 200.56€')]","[('VNQ', '-149.34€', '38 at 77.84€'), ('IWO', '92.7€', '15 at 207.82€')]","[8.94, 9.18]","[('EEM', 73, 43.01, 8.27), ('GLD', 18, 170.19, 8.18)]",99.13,9511.24,137.11,"[0.0, 0.0]"
172,14,2020,May,"['EEM', 'GLD', 'IWF']","['IWO', 'IWF', 'GLD']",99.13,"[('GLD', '236.52€', '18 at 183.33€'), ('IWF', '419.2€', '16 at 212.49€')]","[('EEM', '95.63€', '73 at 44.32€')]",[9.35],"[('IWO', 14, 226.49, 8.31)]",145.97,10016.61,505.37,[0.0]
173,14,2020,June,"['IWO', 'IWF', 'GLD']","['EEM', 'IWO', 'IWF']",145.97,"[('IWO', '-66.36€', '14 at 221.75€'), ('IWF', '460.32€', '16 at 215.06€')]","[('GLD', '246.6€', '18 at 183.89€')]",[9.47],"[('EEM', 77, 44.64, 8.62)]",0.62,9983.36,-33.25,[0.0]
174,14,2020,July,"['EEM', 'IWO', 'IWF']","['IWN', 'IWF', 'IWO']",0.62,"[('IWO', '203.56€', '14 at 241.03€'), ('IWF', '686.4€', '16 at 229.19€')]","[('EEM', '122.43€', '77 at 46.23€')]",[9.84],"[('IWN', 32, 109.33, 8.7)]",43.23,10583.25,599.89,[0.0]
175,14,2020,August,"['IWN', 'IWF', 'IWO']","['EEM', 'IWO', 'IWN']",43.23,"[('IWN', '250.56€', '32 at 117.16€'), ('IWO', '329.56€', '14 at 250.03€')]","[('IWF', '637.28€', '16 at 226.12€')]",[9.93],"[('EEM', 75, 48.02, 8.82)]",40.9,10891.94,308.69,[0.0]
176,14,2020,September,"['EEM', 'IWO', 'IWN']","['EEM', 'IWN', 'IWO']",40.9,"[('EEM', '202.5€', '75 at 50.72€'), ('IWO', '674.24€', '14 at 274.65€'), ('IWN', '643.84€', '32 at 129.45€')]",[],[],[],40.9,11832.4,940.46,[]
177,14,2020,October,"['EEM', 'IWN', 'IWO']","['EEM', 'IWO', 'IWN']",40.9,"[('EEM', '446.25€', '75 at 53.97€'), ('IWN', '980.16€', '32 at 139.96€'), ('IWO', '1066.38€', '14 at 302.66€')]",[],[],[],40.9,12804.61,972.21,[]
178,14,2020,November,"['EEM', 'IWO', 'IWN']","['EEM', 'IWN', 'IWO']",40.9,"[('EEM', '669.0€', '75 at 56.94€'), ('IWO', '1541.96€', '14 at 336.63€'), ('IWN', '1367.68€', '32 at 152.07€')]",[],[],[],40.9,13890.46,1085.85,[]
179,14,2020,December,"['EEM', 'IWN', 'IWO']","['IWO', 'DBC', 'IWN']",40.9,"[('IWN', '1851.52€', '32 at 167.19€'), ('IWO', '1265.32€', '14 at 316.87€')]","[('EEM', '521.25€', '75 at 54.97€')]",[10.68],"[('DBC', 236, 17.5, 9.46)]",13.51,13929.77,39.31,[0.0]
180,15,2021,January,"['IWO', 'DBC', 'IWN']","['DBC', 'IWD', 'IWN']",13.51,"[('DBC', '-167.56€', '236 at 16.79€'), ('IWN', '1641.92€', '32 at 160.64€')]","[('IWO', '1038.94€', '14 at 300.7€')]",[10.81],"[('IWD', 27, 154.95, 9.52)]",19.33,13305.9,-623.87,[0.0]
181,15,2021,February,"['DBC', 'IWD', 'IWN']","['IWN', 'DBC', 'VNQ']",19.33,"[('DBC', '261.96€', '236 at 18.61€'), ('IWN', '1786.24€', '32 at 165.15€')]","[('IWD', '198.45€', '27 at 162.3€')]",[11.07],"[('VNQ', 44, 98.73, 9.71)]",36.53,14057.41,751.51,[None]
